idx,true,pred,parsed_ok,raw
0,5,5,1," F
"
1,3,1,1," B
"
2,4,2,1," C
"
3,0,0,1," A
"
4,5,5,1," F
"
5,5,5,1," F
"
6,5,5,1," F
"
7,4,5,1," F
"
8,5,5,1," F
"
9,2,2,1," C
"
10,1,2,1," C
"
11,5,5,1," F
"
12,4,4,1," E
"
13,5,5,1," F
"
14,5,5,1," F
"
15,4,5,1," F
"
16,4,4,1," E
"
17,2,5,1," F
"
18,5,5,1," F
"
19,2,5,1," F
"
20,5,4,1," E
"
21,5,5,1," F
"
22,5,5,1," F
"
23,5,5,1," F
"
24,5,4,1," E
"
25,5,4,1," E
"
26,5,2,1," C
"
27,5,2,1," C
"
28,5,5,1," F
"
29,2,1,1," B
"
30,5,5,1," F
"
31,5,5,1," F
"
32,4,2,1," C
"
33,5,5,1," F
"
34,2,2,1," C
"
35,2,2,1," C
"
36,2,2,1," C
"
37,5,5,1," F
"
38,2,1,1," B
"
39,1,4,1," E
"
40,5,4,1," E
"
41,5,5,1," F
"
42,5,5,1," F
"
43,5,5,1," F
"
44,5,5,1," F
"
45,1,0,1," A
"
46,5,5,1," F
"
47,5,5,1," F
"
48,5,5,1," F
"
49,5,5,1," F
"
50,5,0,1," A
"
51,5,2,1," C
"
52,5,5,1," F
"
53,5,5,1," F
"
54,5,5,1," F
"
55,2,4,1," E
"
56,3,5,1," F
"
57,2,2,1," C
"
58,5,5,1," F
"
59,5,5,1," F
"
60,5,5,1," F
"
61,5,5,1," F
"
62,0,0,1," A
"
63,5,5,1," F
"
64,5,5,1," F
"
65,5,5,1," F
"
66,4,5,1," F
"
67,5,5,1," F
"
68,4,2,1," C
"
69,5,5,1," F
"
70,5,5,1," F
"
71,5,5,1," F
"
72,1,2,1," C
"
73,3,2,1," C
"
74,4,0,1," A
"
75,5,5,1," F
"
76,5,4,1," E
"
77,4,4,1," E
"
78,5,5,1," F
"
79,5,5,1," F
"
80,5,5,1," F
"
81,5,5,1," F
"
82,5,2,1," C
"
83,5,2,1," C
"
84,5,5,1," F
"
85,5,2,1," C
"
86,4,4,1," E
"
87,5,5,1," F
"
88,5,5,1," F
"
89,5,5,1," F
"
90,5,4,1," E
"
91,5,5,1," F
"
92,1,0,1," A
"
93,5,5,1," F
"
94,5,5,1," F
"
95,5,5,1," F
"
96,4,5,1," F
"
97,5,5,1," F
"
98,5,4,1," E
"
99,5,5,1," F
"
100,4,4,1," E
"
101,5,4,1," E
"
102,5,5,1," F
"
103,5,2,1," C
"
104,5,2,1," C
"
105,2,5,1," F
"
106,5,5,1," F
"
107,5,5,1," F
"
108,5,5,1," F
"
109,5,5,1," F
"
110,5,5,1," F
"
111,3,2,1," C
"
112,5,2,1," C
"
113,5,4,1," E
"
114,1,0,1," A
"
115,5,5,1," F
"
116,5,5,1," F
"
117,5,5,1," F
"
118,2,5,1," F
"
119,5,5,1," F
"
120,4,4,1," E
"
121,5,5,1," F
"
122,5,5,1," F
"
123,5,5,1," F
"
124,5,5,1," F
"
125,4,4,1," E
"
126,5,2,1," C
"
127,2,2,1," C
"
128,4,4,1," E
"
129,5,2,1," C
"
130,4,5,1," F
"
131,2,4,1," E
"
132,1,0,1," A
"
133,5,5,1," F
"
134,5,5,1," F
"
135,5,2,1," C
"
136,5,5,1," F
"
137,4,4,1," E
"
138,5,5,1," F
"
139,2,5,1," F
"
140,4,4,1," E
"
141,5,5,1," F
"
142,5,5,1," F
"
143,2,2,1," C
"
144,5,4,1," E
"
145,2,2,1," C
"
146,5,5,1," F
"
147,5,5,1," F
"
148,5,5,1," F
"
149,5,5,1," F
"
150,5,5,1," F
"
151,5,2,1," C
"
152,5,5,1," F
"
153,5,5,1," F
"
154,4,5,1," F
"
155,5,4,1," E
"
156,5,5,1," F
"
157,5,5,1," F
"
158,4,2,1," C
"
159,2,2,1," C
"
160,5,5,1," F
"
161,1,5,1," F
"
162,5,4,1," E
"
163,2,5,1," F
"
164,5,0,1," A
"
165,2,5,1," F
"
166,5,5,1," F
"
167,5,5,1," F
"
168,0,2,1," C
"
169,1,5,1," F
"
170,4,5,1," F
"
171,5,2,1," C
"
172,5,4,1," E
"
173,5,5,1," F
"
174,5,5,1," F
"
175,6,4,1," E
"
176,5,5,1," F
"
177,4,4,1," E
"
178,2,1,1," B
"
179,1,4,1," E
"
180,5,5,1," F
"
181,5,5,1," F
"
182,2,5,1," F
"
183,5,5,1," F
"
184,5,5,1," F
"
185,5,5,1," F
"
186,5,2,1," C
"
187,2,2,1," C
"
188,2,2,1," C
"
189,0,2,1," C
"
190,5,5,1," F
"
191,4,5,1," F
"
192,2,4,1," E
"
193,5,4,1," E
"
194,4,5,1," F
"
195,5,5,1," F
"
196,5,2,1," C
"
197,5,5,1," F
"
198,5,5,1," F
"
199,0,0,1," A
"
200,5,5,1," F
"
201,5,5,1," F
"
202,5,5,1," F
"
203,5,5,1," F
"
204,2,5,1," F
"
205,5,5,1," F
"
206,5,2,1," C
"
207,5,5,1," F
"
208,5,5,1," F
"
209,4,2,1," C
"
210,4,1,1," B
"
211,5,4,1," E
"
212,5,5,1," F
"
213,5,5,1," F
"
214,1,4,1," E
"
215,0,2,1," C
"
216,5,5,1," F
"
217,5,2,1," C
"
218,6,2,1," C
"
219,5,5,1," F
"
220,5,5,1," F
"
221,2,0,1," A
"
222,2,5,1," F
"
223,5,5,1," F
"
224,5,5,1," F
"
225,5,2,1," C
"
226,5,5,1," F
"
227,5,5,1," F
"
228,5,5,1," F
"
229,5,5,1," F
"
230,5,5,1," F
"
231,5,5,1," F
"
232,5,2,1," C
"
233,5,5,1," F
"
234,4,2,1," C
"
235,2,5,1," F
"
236,5,5,1," F
"
237,4,0,1," A
"
238,5,5,1," F
"
239,5,5,1," F
"
240,5,5,1," F
"
241,5,5,1," F
"
242,4,4,1," E
"
243,5,5,1," F
"
244,0,2,1," C
"
245,5,5,1," F
"
246,5,5,1," F
"
247,5,5,1," F
"
248,4,2,1," C
"
249,1,4,1," E
"
250,5,5,1," F
"
251,2,2,1," C
"
252,5,5,1," F
"
253,5,5,1," F
"
254,5,5,1," F
"
255,4,4,1," E
"
256,5,5,1," F
"
257,5,5,1," F
"
258,5,2,1," C
"
259,2,2,1," C
"
260,5,5,1," F
"
261,1,4,1," E
"
262,4,2,1," C
"
263,2,5,1," F
"
264,5,2,1," C
"
265,5,5,1," F
"
266,4,5,1," F
"
267,5,5,1," F
"
268,5,4,1," E
"
269,0,2,1," C
"
270,5,5,1," F
"
271,5,2,1," C
"
272,5,5,1," F
"
273,1,0,1," A
"
274,5,5,1," F
"
275,5,5,1," F
"
276,4,4,1," E
"
277,5,4,1," E
"
278,5,4,1," E
"
279,5,5,1," F
"
280,5,5,1," F
"
281,5,2,1," C
"
282,5,5,1," F
"
283,5,5,1," F
"
284,5,5,1," F
"
285,4,5,1," F
"
286,6,4,1," E
"
287,5,5,1," F
"
288,4,4,1," E
"
289,5,5,1," F
"
290,4,5,1," F
"
291,5,5,1," F
"
292,5,5,1," F
"
293,1,1,1," B
"
294,2,2,1," C
"
295,5,5,1," F
"
296,2,4,1," E
"
297,0,4,1," E
"
298,5,5,1," F
"
299,5,4,1," E
"
300,2,5,1," F
"
301,5,5,1," F
"
302,1,4,1," E
"
303,5,2,1," C
"
304,2,2,1," C
"
305,5,0,1," A
"
306,5,2,1," C
"
307,5,5,1," F
"
308,5,5,1," F
"
309,5,5,1," F
"
310,4,4,1," E
"
311,5,5,1," F
"
312,0,2,1," C
"
313,5,5,1," F
"
314,5,5,1," F
"
315,1,5,1," F
"
316,2,4,1," E
"
317,5,2,1," C
"
318,5,1,1," B
"
319,5,2,1," C
"
320,5,5,1," F
"
321,4,2,1," C
"
322,5,2,1," C
"
323,2,2,1," C
"
324,5,5,1," F
"
325,4,4,1," E
"
326,5,5,1," F
"
327,5,5,1," F
"
328,2,2,1," C
"
329,2,2,1," C
"
330,5,2,1," C
"
331,5,5,1," F
"
332,5,4,1," E
"
333,1,0,1," A
"
334,5,5,1," F
"
335,1,1,1," B
"
336,5,5,1," F
"
337,5,5,1," F
"
338,5,5,1," F
"
339,5,1,1," B
"
340,2,2,1," C
"
341,4,4,1," E
"
342,5,5,1," F
"
343,5,5,1," F
"
344,0,2,1," C
"
345,2,2,1," C
"
346,6,2,1," C
"
347,5,4,1," E
"
348,5,5,1," F
"
349,4,4,1," E
"
350,5,4,1," E
"
351,2,2,1," C
"
352,2,2,1," C
"
353,5,5,1," F
"
354,5,5,1," F
"
355,5,2,1," C
"
356,0,0,1," A
"
357,5,5,1," F
"
358,5,5,1," F
"
359,5,5,1," F
"
360,4,5,1," F
"
361,5,5,1," F
"
362,1,1,1," B
"
363,5,5,1," F
"
364,5,2,1," C
"
365,5,5,1," F
"
366,5,5,1," F
"
367,5,4,1," E
"
368,6,1,1," B
"
369,4,5,1," F
"
370,1,1,1," B
"
371,4,5,1," F
"
372,4,2,1," C
"
373,5,5,1," F
"
374,5,5,1," F
"
375,5,5,1," F
"
376,1,4,1," E
"
377,5,5,1," F
"
378,5,5,1," F
"
379,5,5,1," F
"
380,5,5,1," F
"
381,6,0,1," A
"
382,5,5,1," F
"
383,5,5,1," F
"
384,5,5,1," F
"
385,5,5,1," F
"
386,5,5,1," F
"
387,5,5,1," F
"
388,2,1,1," B
"
389,1,2,1," C
"
390,4,5,1," F
"
391,5,5,1," F
"
392,5,5,1," F
"
393,5,5,1," F
"
394,5,5,1," F
"
395,5,5,1," F
"
396,5,5,1," F
"
397,5,5,1," F
"
398,5,5,1," F
"
399,1,4,1," E
"
400,5,0,1," A
"
401,5,5,1," F
"
402,4,5,1," F
"
403,5,5,1," F
"
404,5,5,1," F
"
405,1,2,1," C
"
406,5,5,1," F
"
407,2,2,1," C
"
408,0,4,1," E
"
409,5,5,1," F
"
410,5,5,1," F
"
411,1,1,1," B
"
412,5,5,1," F
"
413,5,5,1," F
"
414,5,5,1," F
"
415,5,5,1," F
"
416,2,1,1," B
"
417,5,5,1," F
"
418,1,4,1," E
"
419,5,5,1," F
"
420,5,5,1," F
"
421,5,5,1," F
"
422,4,2,1," C
"
423,2,2,1," C
"
424,5,2,1," C
"
425,5,4,1," E
"
426,5,5,1," F
"
427,5,4,1," E
"
428,2,5,1," F
"
429,5,5,1," F
"
430,4,2,1," C
"
431,5,5,1," F
"
432,5,2,1," C
"
433,5,5,1," F
"
434,5,4,1," E
"
435,3,5,1," F
"
436,1,2,1," C
"
437,5,2,1," C
"
438,5,5,1," F
"
439,1,2,1," C
"
440,5,5,1," F
"
441,5,4,1," E
"
442,5,4,1," E
"
443,2,2,1," C
"
444,5,5,1," F
"
445,5,5,1," F
"
446,5,2,1," C
"
447,5,5,1," F
"
448,5,5,1," F
"
449,6,2,1," C
"
450,5,4,1," E
"
451,3,2,1," C
"
452,1,5,1," F
"
453,1,0,1," A
"
454,5,5,1," F
"
455,5,5,1," F
"
456,5,5,1," F
"
457,2,4,1," E
"
458,5,5,1," F
"
459,5,5,1," F
"
460,5,5,1," F
"
461,4,4,1," E
"
462,5,5,1," F
"
463,5,5,1," F
"
464,2,2,1," C
"
465,5,5,1," F
"
466,5,2,1," C
"
467,5,5,1," F
"
468,5,5,1," F
"
469,5,5,1," F
"
470,6,5,1," F
"
471,5,5,1," F
"
472,5,4,1," E
"
473,4,2,1," C
"
474,5,5,1," F
"
475,5,5,1," F
"
476,2,5,1," F
"
477,5,5,1," F
"
478,5,5,1," F
"
479,5,5,1," F
"
480,2,5,1," F
"
481,5,5,1," F
"
482,5,5,1," F
"
483,5,4,1," E
"
484,5,5,1," F
"
485,5,2,1," C
"
486,5,5,1," F
"
487,2,2,1," C
"
488,5,5,1," F
"
489,1,4,1," E
"
490,5,5,1," F
"
491,5,4,1," E
"
492,5,5,1," F
"
493,4,4,1," E
"
494,5,5,1," F
"
495,4,5,1," F
"
496,5,5,1," F
"
497,5,5,1," F
"
498,5,5,1," F
"
499,5,5,1," F
"
500,5,5,1," F
"
501,5,2,1," C
"
502,5,4,1," E
"
503,5,5,1," F
"
504,5,5,1," F
"
505,5,5,1," F
"
506,5,5,1," F
"
507,5,5,1," F
"
508,5,2,1," C
"
509,1,0,1," A
"
510,5,5,1," F
"
511,5,5,1," F
"
512,4,5,1," F
"
513,5,5,1," F
"
514,5,1,1," B
"
515,5,5,1," F
"
516,5,5,1," F
"
517,5,5,1," F
"
518,5,5,1," F
"
519,5,5,1," F
"
520,5,5,1," F
"
521,5,1,1," B
"
522,0,2,1," C
"
523,5,5,1," F
"
524,5,5,1," F
"
525,5,5,1," F
"
526,2,5,1," F
"
527,3,2,1," C
"
528,5,5,1," F
"
529,5,5,1," F
"
530,5,5,1," F
"
531,2,5,1," F
"
532,2,4,1," E
"
533,5,5,1," F
"
534,5,5,1," F
"
535,2,4,1," E
"
536,2,5,1," F
"
537,2,4,1," E
"
538,5,5,1," F
"
539,0,0,1," A
"
540,5,5,1," F
"
541,1,1,1, B
542,2,2,1," C
"
543,2,2,1," C
"
544,1,2,1," C
"
545,5,5,1," F
"
546,5,2,1," C
"
547,5,5,1," F
"
548,5,5,1," F
"
549,5,5,1," F
"
550,4,5,1," F
"
551,5,5,1," F
"
552,5,5,1," F
"
553,2,5,1," F
"
554,5,5,1," F
"
555,5,5,1," F
"
556,1,2,1," C
"
557,5,4,1," E
"
558,5,5,1," F
"
559,5,2,1," C
"
560,5,5,1," F
"
561,5,5,1," F
"
562,2,2,1," C
"
563,2,2,1," C
"
564,5,5,1," F
"
565,5,5,1," F
"
566,1,2,1," C
"
567,1,0,1," A
"
568,5,5,1," F
"
569,2,5,1," F
"
570,5,1,1," B
"
571,5,5,1," F
"
572,5,4,1," E
"
573,2,0,1," A
"
574,5,5,1," F
"
575,5,5,1," F
"
576,5,5,1," F
"
577,5,5,1," F
"
578,1,2,1," C
"
579,5,5,1," F
"
580,5,5,1," F
"
581,5,5,1," F
"
582,5,5,1," F
"
583,2,4,1," E
"
584,5,5,1," F
"
585,5,5,1," F
"
586,0,4,1," E
"
587,5,5,1," F
"
588,5,2,1," C
"
589,5,2,1," C
"
590,4,4,1," E
"
591,5,5,1," F
"
592,5,2,1," C
"
593,5,5,1," F
"
594,5,5,1," F
"
595,4,4,1," E
"
596,5,5,1," F
"
597,5,5,1," F
"
598,4,5,1," F
"
599,4,5,1," F
"
600,3,2,1," C
"
601,2,1,1," B
"
602,4,5,1," F
"
603,5,5,1," F
"
604,4,0,1," A
"
605,2,0,1," A
"
606,5,2,1," C
"
607,2,2,1," C
"
608,5,5,1," F
"
609,4,5,1," F
"
610,2,4,1," E
"
611,4,5,1," F
"
612,5,5,1," F
"
613,1,1,1," B
"
614,5,2,1," C
"
615,5,5,1," F
"
616,2,2,1," C
"
617,5,5,1," F
"
618,5,2,1," C
"
619,4,4,1," E
"
620,5,5,1," F
"
621,5,5,1," F
"
622,5,5,1," F
"
623,5,5,1," F
"
624,5,5,1," F
"
625,5,5,1," F
"
626,2,4,1," E
"
627,5,5,1," F
"
628,5,5,1," F
"
629,5,5,1," F
"
630,5,5,1," F
"
631,6,0,1," A
"
632,5,5,1," F
"
633,5,5,1," F
"
634,5,5,1," F
"
635,5,2,1," C
"
636,5,5,1," F
"
637,5,2,1," C
"
638,5,5,1," F
"
639,1,5,1," F
"
640,0,2,1," C
"
641,2,2,1," C
"
642,5,5,1," F
"
643,5,2,1," C
"
644,5,5,1," F
"
645,1,1,1," B
"
646,5,5,1," F
"
647,5,5,1," F
"
648,5,5,1," F
"
649,5,5,1," F
"
650,5,5,1," F
"
651,1,0,1," A
"
652,2,2,1," C
"
653,3,2,1," C
"
654,1,2,1," C
"
655,5,2,1," C
"
656,5,5,1," F
"
657,5,0,1," A
"
658,5,5,1," F
"
659,5,2,1," C
"
660,5,5,1," F
"
661,1,4,1," E
"
662,5,5,1," F
"
663,5,5,1," F
"
664,4,5,1," F
"
665,5,5,1," F
"
666,5,5,1," F
"
667,5,5,1," F
"
668,5,1,1," B
"
669,5,5,1," F
"
670,5,5,1," F
"
671,5,5,1," F
"
672,5,5,1," F
"
673,5,5,1," F
"
674,4,1,1," B
"
675,0,5,1," F
"
676,5,5,1," F
"
677,5,5,1," F
"
678,4,5,1," F
"
679,5,5,1," F
"
680,5,5,1," F
"
681,2,2,1," C
"
682,5,2,1," C
"
683,5,5,1," F
"
684,0,2,1," C
"
685,5,5,1," F
"
686,1,0,1," A
"
687,5,5,1," F
"
688,1,0,1," A
"
689,5,5,1," F
"
690,2,0,1," A
"
691,5,2,1," C
"
692,4,5,1," F
"
693,5,5,1," F
"
694,0,0,1," A
"
695,5,5,1," F
"
696,5,5,1," F
"
697,5,5,1," F
"
698,5,5,1," F
"
699,5,5,1," F
"
700,5,5,1," F
"
701,5,5,1," F
"
702,0,1,1," B
"
703,0,2,1," C
"
704,5,5,1," F
"
705,5,5,1," F
"
706,5,5,1," F
"
707,6,5,1," F
"
708,5,2,1," C
"
709,5,5,1," F
"
710,3,0,1," A
"
711,0,0,1," A
"
712,5,5,1," F
"
713,5,5,1," F
"
714,5,5,1," F
"
715,5,5,1," F
"
716,5,2,1," C
"
717,5,5,1," F
"
718,5,5,1," F
"
719,5,5,1," F
"
720,5,5,1," F
"
721,5,2,1," C
"
722,5,2,1," C
"
723,5,5,1," F
"
724,4,4,1," E
"
725,5,2,1," C
"
726,5,5,1," F
"
727,5,5,1," F
"
728,5,5,1," F
"
729,5,5,1," F
"
730,5,5,1," F
"
731,5,5,1," F
"
732,5,2,1," C
"
733,4,5,1," F
"
734,5,5,1," F
"
735,2,2,1," C
"
736,1,4,1," E
"
737,5,5,1," F
"
738,5,2,1," C
"
739,0,5,1," F
"
740,5,4,1," E
"
741,5,5,1," F
"
742,4,5,1," F
"
743,5,5,1," F
"
744,5,5,1," F
"
745,2,5,1," F
"
746,4,5,1," F
"
747,1,1,1," B
"
748,5,5,1," F
"
749,5,5,1," F
"
750,5,5,1," F
"
751,4,5,1," F
"
752,5,5,1," F
"
753,5,4,1," E
"
754,5,2,1," C
"
755,1,4,1," E
"
756,2,4,1," E
"
757,6,2,1," C
"
758,3,2,1," C
"
759,5,5,1," F
"
760,2,2,1," C
"
761,4,4,1," E
"
762,2,4,1," E
"
763,5,4,1," E
"
764,5,5,1," F
"
765,1,4,1," E
"
766,5,4,1," E
"
767,5,5,1," F
"
768,5,5,1," F
"
769,5,5,1," F
"
770,5,5,1," F
"
771,4,4,1," E
"
772,5,5,1," F
"
773,5,5,1," F
"
774,4,4,1," E
"
775,5,5,1," F
"
776,5,5,1," F
"
777,2,2,1," C
"
778,5,5,1," F
"
779,5,5,1," F
"
780,5,5,1," F
"
781,5,5,1," F
"
782,5,5,1," F
"
783,0,0,1," A
"
784,5,5,1," F
"
785,5,5,1," F
"
786,5,5,1," F
"
787,5,5,1," F
"
788,5,5,1," F
"
789,2,2,1," C
"
790,5,5,1," F
"
791,5,4,1," E
"
792,1,1,1," B
"
793,5,4,1," E
"
794,5,5,1," F
"
795,5,5,1," F
"
796,5,2,1," C
"
797,6,2,1," C
"
798,0,2,1," C
"
799,5,5,1," F
"
800,2,5,1," F
"
801,4,5,1," F
"
802,4,5,1," F
"
803,5,5,1," F
"
804,5,5,1," F
"
805,4,5,1," F
"
806,6,4,1," E
"
807,2,2,1," C
"
808,5,5,1," F
"
809,5,5,1," F
"
810,5,5,1," F
"
811,5,5,1," F
"
812,5,5,1," F
"
813,5,5,1," F
"
814,4,4,1," E
"
815,5,5,1," F
"
816,5,5,1," F
"
817,2,5,1," F
"
818,5,4,1," E
"
819,4,5,1," F
"
820,3,1,1," B
"
821,5,2,1," C
"
822,5,5,1," F
"
823,5,5,1," F
"
824,5,5,1," F
"
825,5,5,1," F
"
826,4,4,1," E
"
827,5,5,1," F
"
828,3,2,1," C
"
829,5,2,1," C
"
830,5,5,1," F
"
831,5,5,1," F
"
832,1,4,1," E
"
833,2,2,1," C
"
834,5,5,1," F
"
835,5,5,1," F
"
836,5,5,1," F
"
837,5,5,1," F
"
838,5,5,1," F
"
839,5,5,1," F
"
840,2,2,1," C
"
841,5,5,1," F
"
842,5,4,1," E
"
843,5,4,1," E
"
844,2,2,1," C
"
845,4,5,1," F
"
846,4,4,1," E
"
847,5,5,1," F
"
848,5,5,1," F
"
849,4,5,1," F
"
850,5,1,1," B
"
851,5,5,1," F
"
852,5,5,1," F
"
853,2,2,1," C
"
854,5,5,1," F
"
855,5,5,1," F
"
856,5,5,1," F
"
857,5,5,1," F
"
858,5,5,1," F
"
859,5,5,1," F
"
860,5,2,1," C
"
861,2,2,1," C
"
862,5,5,1," F
"
863,5,5,1," F
"
864,5,5,1," F
"
865,5,2,1," C
"
866,5,2,1," C
"
867,5,5,1," F
"
868,5,5,1," F
"
869,2,0,1," A
"
870,1,4,1," E
"
871,5,5,1," F
"
872,4,2,1," C
"
873,5,5,1," F
"
874,5,5,1," F
"
875,3,1,1," B
"
876,5,5,1," F
"
877,0,2,1," C
"
878,4,5,1," F
"
879,5,5,1," F
"
880,0,2,1," C
"
881,2,5,1," F
"
882,5,5,1," F
"
883,5,5,1," F
"
884,1,2,1," C
"
885,5,5,1," F
"
886,5,5,1," F
"
887,4,4,1," E
"
888,5,5,1," F
"
889,5,5,1," F
"
890,5,5,1," F
"
891,5,5,1," F
"
892,5,2,1," C
"
893,5,5,1," F
"
894,5,5,1," F
"
895,3,2,1," C
"
896,5,5,1," F
"
897,5,5,1," F
"
898,5,2,1," C
"
899,5,4,1," E
"
900,5,2,1," C
"
901,2,5,1," F
"
902,2,2,1," C
"
903,5,5,1," F
"
904,0,0,1," A
"
905,1,4,1," E
"
906,4,4,1," E
"
907,4,5,1," F
"
908,2,2,1," C
"
909,5,5,1," F
"
910,5,5,1," F
"
911,2,2,1," C
"
912,5,2,1," C
"
913,5,5,1," F
"
914,0,0,1," A
"
915,5,5,1," F
"
916,5,5,1," F
"
917,2,2,1," C
"
918,5,5,1," F
"
919,5,5,1," F
"
920,5,5,1," F
"
921,4,4,1," E
"
922,5,5,1," F
"
923,5,5,1," F
"
924,5,5,1," F
"
925,2,5,1," F
"
926,5,5,1," F
"
927,5,5,1," F
"
928,5,2,1," C
"
929,2,2,1," C
"
930,4,5,1," F
"
931,5,5,1," F
"
932,5,2,1," C
"
933,4,4,1," E
"
934,5,2,1," C
"
935,5,5,1," F
"
936,4,5,1," F
"
937,5,4,1," E
"
938,5,2,1," C
"
939,5,5,1," F
"
940,5,4,1," E
"
941,5,5,1," F
"
942,5,5,1," F
"
943,2,2,1," C
"
944,4,1,1," B
"
945,5,5,1," F
"
946,5,5,1," F
"
947,5,5,1," F
"
948,2,2,1," C
"
949,1,2,1," C
"
950,5,5,1," F
"
951,5,5,1," F
"
952,5,2,1," C
"
953,4,5,1," F
"
954,2,5,1," F
"
955,5,5,1," F
"
956,5,5,1," F
"
957,4,5,1," F
"
958,2,5,1," F
"
959,4,5,1," F
"
960,5,2,1," C
"
961,5,2,1," C
"
962,5,5,1," F
"
963,5,5,1," F
"
964,5,5,1," F
"
965,5,5,1," F
"
966,5,5,1," F
"
967,4,5,1," F
"
968,4,5,1," F
"
969,4,5,1," F
"
970,5,5,1," F
"
971,1,0,1," A
"
972,2,5,1," F
"
973,2,2,1," C
"
974,1,0,1," A
"
975,5,5,1," F
"
976,5,4,1," E
"
977,5,5,1," F
"
978,2,2,1," C
"
979,5,1,1," B
"
980,5,5,1," F
"
981,5,5,1," F
"
982,5,2,1," C
"
983,5,5,1," F
"
984,1,4,1," E
"
985,5,4,1," E
"
986,4,2,1," C
"
987,5,5,1," F
"
988,5,5,1," F
"
989,5,5,1," F
"
990,5,5,1," F
"
991,5,5,1," F
"
992,5,5,1," F
"
993,5,5,1," F
"
994,5,5,1," F
"
995,5,5,1," F
"
996,5,5,1," F
"
997,5,5,1," F
"
998,5,5,1," F
"
999,5,5,1," F
"
1000,5,5,1," F
"
1001,5,5,1," F
"
1002,2,4,1," E
"
1003,4,4,1," E
"
1004,5,5,1," F
"
1005,5,4,1," E
"
1006,5,5,1," F
"
1007,5,4,1," E
"
1008,0,2,1," C
"
1009,5,5,1," F
"
1010,5,5,1," F
"
1011,5,5,1," F
"
1012,5,5,1," F
"
1013,5,5,1," F
"
1014,5,5,1," F
"
1015,5,5,1," F
"
1016,5,2,1," C
"
1017,5,5,1," F
"
1018,5,2,1," C
"
1019,5,5,1," F
"
1020,5,4,1," E
"
1021,6,2,1," C
"
1022,4,4,1," E
"
1023,5,5,1," F
"
1024,5,5,1," F
"
1025,5,2,1," C
"
1026,5,5,1," F
"
1027,5,5,1," F
"
1028,4,5,1," F
"
1029,5,5,1," F
"
1030,3,4,1," E
"
1031,5,2,1," C
"
1032,5,5,1," F
"
1033,3,5,1," F
"
1034,1,2,1," C
"
1035,5,5,1," F
"
1036,5,5,1," F
"
1037,5,5,1," F
"
1038,5,5,1," F
"
1039,5,5,1," F
"
1040,5,5,1," F
"
1041,5,5,1," F
"
1042,5,5,1," F
"
1043,5,5,1," F
"
1044,4,4,1," E
"
1045,5,5,1," F
"
1046,5,5,1," F
"
1047,5,5,1," F
"
1048,2,5,1," F
"
1049,5,5,1," F
"
1050,2,2,1," C
"
1051,2,2,1," C
"
1052,2,2,1," C
"
1053,5,5,1," F
"
1054,2,5,1," F
"
1055,5,0,1," A
"
1056,2,5,1," F
"
1057,4,4,1," E
"
1058,4,4,1," E
"
1059,4,2,1," C
"
1060,5,5,1," F
"
1061,2,0,1," A
"
1062,5,5,1," F
"
1063,5,5,1," F
"
1064,5,5,1," F
"
1065,5,5,1," F
"
1066,5,5,1," F
"
1067,2,2,1," C
"
1068,5,4,1," E
"
1069,6,5,1," F
"
1070,5,5,1," F
"
1071,5,5,1," F
"
1072,4,5,1," F
"
1073,5,5,1," F
"
1074,4,4,1," E
"
1075,5,2,1," C
"
1076,5,2,1," C
"
1077,5,2,1," C
"
1078,2,2,1," C
"
1079,5,4,1," E
"
1080,2,2,1," C
"
1081,5,5,1," F
"
1082,5,5,1," F
"
1083,4,4,1," E
"
1084,0,0,1," A
"
1085,2,4,1," E
"
1086,5,2,1," C
"
1087,5,5,1," F
"
1088,5,2,1," C
"
1089,6,4,1," E
"
1090,0,5,1," F
"
1091,5,5,1," F
"
1092,5,5,1," F
"
1093,5,5,1," F
"
1094,5,2,1," C
"
1095,5,5,1," F
"
1096,2,2,1," C
"
1097,0,2,1," C
"
1098,4,4,1," E
"
1099,5,5,1," F
"
1100,3,0,1," A
"
1101,5,5,1," F
"
1102,5,5,1," F
"
1103,1,2,1," C
"
1104,5,5,1," F
"
1105,2,4,1," E
"
1106,5,5,1," F
"
1107,5,0,1," A
"
1108,5,2,1," C
"
1109,5,2,1," C
"
1110,5,5,1," F
"
1111,5,5,1," F
"
1112,5,5,1," F
"
1113,4,2,1," C
"
1114,2,1,1," B
"
1115,4,4,1," E
"
1116,2,2,1," C
"
1117,2,2,1," C
"
1118,5,2,1," C
"
1119,5,5,1," F
"
1120,0,0,1," A
"
1121,5,5,1," F
"
1122,4,2,1," C
"
1123,4,5,1," F
"
1124,3,2,1," C
"
1125,5,5,1," F
"
1126,5,5,1," F
"
1127,0,2,1," C
"
1128,2,2,1," C
"
1129,5,5,1," F
"
1130,5,5,1," F
"
1131,5,5,1," F
"
1132,1,5,1," F
"
1133,5,5,1," F
"
1134,2,2,1," C
"
1135,5,5,1," F
"
1136,2,4,1," E
"
1137,4,5,1," F
"
1138,4,4,1," E
"
1139,5,4,1," E
"
1140,5,5,1," F
"
1141,5,5,1," F
"
1142,3,2,1," C
"
1143,5,2,1," C
"
1144,5,4,1," E
"
1145,5,2,1," C
"
1146,2,2,1," C
"
1147,5,4,1," E
"
1148,2,5,1," F
"
1149,5,5,1," F
"
1150,1,4,1," E
"
1151,5,2,1," C
"
1152,5,5,1," F
"
1153,5,5,1," F
"
1154,5,5,1," F
"
1155,5,2,1," C
"
1156,5,5,1," F
"
1157,5,2,1," C
"
1158,1,4,1," E
"
1159,5,5,1," F
"
1160,4,4,1," E
"
1161,5,5,1," F
"
1162,6,2,1," C
"
1163,5,2,1," C
"
1164,2,2,1," C
"
1165,5,5,1," F
"
1166,5,4,1," E
"
1167,2,5,1," F
"
1168,1,2,1," C
"
1169,5,5,1," F
"
1170,5,5,1," F
"
1171,2,2,1," C
"
1172,5,2,1," C
"
1173,5,5,1," F
"
1174,2,5,1," F
"
1175,5,5,1," F
"
1176,5,5,1," F
"
1177,5,5,1," F
"
1178,5,5,1," F
"
1179,5,5,1," F
"
1180,5,5,1," F
"
1181,4,5,1," F
"
1182,5,5,1," F
"
1183,5,2,1," C
"
1184,0,4,1," E
"
1185,5,4,1," E
"
1186,0,5,1," F
"
1187,5,5,1," F
"
1188,5,4,1," E
"
1189,5,5,1," F
"
1190,4,2,1," C
"
1191,1,1,1," B
"
1192,5,2,1," C
"
1193,5,5,1," F
"
1194,2,2,1," C
"
1195,4,5,1," F
"
1196,2,5,1," F
"
1197,5,5,1," F
"
1198,5,4,1," E
"
1199,5,2,1," C
"
1200,5,5,1," F
"
1201,5,5,1," F
"
1202,5,5,1," F
"
1203,4,0,1," A
"
1204,5,5,1," F
"
1205,5,5,1," F
"
1206,5,5,1," F
"
1207,5,5,1," F
"
1208,1,2,1," C
"
1209,2,4,1," E
"
1210,5,5,1," F
"
1211,5,2,1," C
"
1212,5,5,1," F
"
1213,4,4,1," E
"
1214,1,1,1," B
"
1215,5,5,1," F
"
1216,4,4,1," E
"
1217,4,5,1," F
"
1218,5,5,1," F
"
1219,4,2,1," C
"
1220,5,5,1," F
"
1221,5,4,1," E
"
1222,0,2,1," C
"
1223,2,2,1," C
"
1224,4,5,1," F
"
1225,5,5,1," F
"
1226,5,5,1," F
"
1227,5,5,1," F
"
1228,5,2,1," C
"
1229,3,2,1," C
"
1230,5,5,1," F
"
1231,5,5,1," F
"
1232,0,0,1," A
"
1233,2,0,1," A
"
1234,2,2,1," C
"
1235,5,5,1," F
"
1236,5,5,1," F
"
1237,1,1,1," B
"
1238,5,5,1," F
"
1239,5,2,1," C
"
1240,5,5,1," F
"
1241,2,5,1," F
"
1242,5,5,1," F
"
1243,5,5,1," F
"
1244,4,2,1," C
"
1245,5,5,1," F
"
1246,0,2,1," C
"
1247,1,1,1," B
"
1248,5,5,1," F
"
1249,5,5,1," F
"
1250,5,5,1," F
"
1251,5,5,1," F
"
1252,4,5,1," F
"
1253,1,2,1," C
"
1254,5,5,1," F
"
1255,5,5,1," F
"
1256,5,5,1," F
"
1257,5,5,1," F
"
1258,5,5,1," F
"
1259,5,5,1," F
"
1260,2,2,1," C
"
1261,2,1,1," B
"
1262,5,4,1," E
"
1263,5,5,1," F
"
1264,5,5,1," F
"
1265,2,2,1," C
"
1266,5,5,1," F
"
1267,5,5,1," F
"
1268,5,5,1," F
"
1269,5,2,1," C
"
1270,5,5,1," F
"
1271,0,2,1," C
"
1272,5,5,1," F
"
1273,4,2,1," C
"
1274,5,5,1," F
"
1275,2,5,1," F
"
1276,2,2,1," C
"
1277,1,4,1," E
"
1278,5,5,1," F
"
1279,4,5,1," F
"
1280,5,5,1," F
"
1281,5,5,1," F
"
1282,5,5,1," F
"
1283,0,0,1," A
"
1284,5,5,1," F
"
1285,5,5,1," F
"
1286,2,2,1," C
"
1287,5,5,1," F
"
1288,5,2,1," C
"
1289,0,5,1," F
"
1290,5,5,1," F
"
1291,5,4,1," E
"
1292,5,5,1," F
"
1293,5,2,1," C
"
1294,5,5,1," F
"
1295,5,4,1," E
"
1296,5,5,1," F
"
1297,5,5,1," F
"
1298,5,5,1," F
"
1299,5,5,1," F
"
1300,5,5,1," F
"
1301,5,5,1," F
"
1302,5,2,1," C
"
1303,5,5,1," F
"
1304,4,5,1," F
"
1305,5,4,1," E
"
1306,5,4,1," E
"
1307,5,5,1," F
"
1308,5,5,1," F
"
1309,5,5,1," F
"
1310,5,5,1," F
"
1311,5,2,1," C
"
1312,5,5,1," F
"
1313,4,1,1," B
"
1314,5,5,1," F
"
1315,5,5,1," F
"
1316,2,0,1," A
"
1317,5,5,1," F
"
1318,5,5,1," F
"
1319,4,1,1," B
"
1320,5,5,1," F
"
1321,5,5,1," F
"
1322,5,5,1," F
"
1323,5,5,1," F
"
1324,6,5,1," F
"
1325,5,5,1," F
"
1326,2,2,1," C
"
1327,6,2,1," C
"
1328,5,2,1," C
"
1329,1,2,1," C
"
1330,5,5,1," F
"
1331,5,5,1," F
"
1332,2,2,1," C
"
1333,1,1,1," B
"
1334,4,1,1," B
"
1335,2,4,1," E
"
1336,4,4,1," E
"
1337,5,5,1," F
"
1338,5,2,1," C
"
1339,5,2,1," C
"
1340,2,2,1," C
"
1341,4,5,1," F
"
1342,2,2,1," C
"
1343,5,4,1," E
"
1344,5,2,1," C
"
1345,2,2,1," C
"
1346,5,2,1," C
"
1347,5,4,1," E
"
1348,5,4,1," E
"
1349,5,5,1," F
"
1350,4,5,1," F
"
1351,2,5,1," F
"
1352,5,5,1," F
"
1353,5,5,1," F
"
1354,5,4,1," E
"
1355,5,5,1," F
"
1356,5,0,1," A
"
1357,5,5,1," F
"
1358,5,5,1," F
"
1359,2,2,1," C
"
1360,4,5,1," F
"
1361,5,5,1," F
"
1362,5,5,1," F
"
1363,5,5,1," F
"
1364,5,5,1," F
"
1365,1,4,1," E
"
1366,5,5,1," F
"
1367,5,5,1," F
"
1368,5,5,1," F
"
1369,5,5,1," F
"
1370,5,2,1," C
"
1371,5,5,1," F
"
1372,5,5,1," F
"
1373,5,5,1," F
"
1374,5,2,1," C
"
1375,0,0,1," A
"
1376,6,1,1," B
"
1377,5,5,1," F
"
1378,5,5,1," F
"
1379,5,4,1," E
"
1380,5,5,1," F
"
1381,5,5,1," F
"
1382,4,5,1," F
"
1383,5,2,1," C
"
1384,5,5,1," F
"
1385,5,5,1," F
"
1386,4,2,1," C
"
1387,5,4,1," E
"
1388,5,5,1," F
"
1389,5,5,1," F
"
1390,5,5,1," F
"
1391,5,5,1," F
"
1392,5,5,1," F
"
1393,5,5,1," F
"
1394,5,5,1," F
"
1395,5,5,1," F
"
1396,5,5,1," F
"
1397,5,5,1," F
"
1398,5,2,1," C
"
1399,5,5,1," F
"
1400,5,5,1," F
"
1401,5,5,1," F
"
1402,5,5,1," F
"
1403,5,5,1," F
"
1404,4,1,1," B
"
1405,2,1,1," B
"
1406,4,5,1," F
"
1407,5,5,1," F
"
1408,2,4,1," E
"
1409,4,1,1," B
"
1410,5,5,1," F
"
1411,5,5,1," F
"
1412,5,2,1," C
"
1413,5,5,1," F
"
1414,5,5,1," F
"
1415,4,5,1," F
"
1416,5,5,1," F
"
1417,0,0,1," A
"
1418,5,5,1," F
"
1419,1,0,1," A
"
1420,5,5,1," F
"
1421,5,2,1," C
"
1422,5,5,1," F
"
1423,5,2,1," C
"
1424,0,2,1," C
"
1425,5,2,1," C
"
1426,4,2,1," C
"
1427,5,5,1," F
"
1428,5,4,1," E
"
1429,5,2,1," C
"
1430,5,2,1," C
"
1431,5,5,1," F
"
1432,5,5,1," F
"
1433,4,4,1," E
"
1434,2,2,1," C
"
1435,2,0,1," A
"
1436,2,4,1," E
"
1437,5,2,1," C
"
1438,5,5,1," F
"
1439,5,5,1," F
"
1440,5,5,1," F
"
1441,5,5,1," F
"
1442,5,5,1," F
"
1443,5,5,1," F
"
1444,4,0,1," A
"
1445,5,5,1," F
"
1446,5,2,1," C
"
1447,5,5,1," F
"
1448,5,5,1," F
"
1449,5,5,1," F
"
1450,4,4,1," E
"
1451,4,4,1," E
"
1452,5,5,1," F
"
1453,5,2,1," C
"
1454,0,2,1," C
"
1455,5,5,1," F
"
1456,5,2,1," C
"
1457,5,5,1," F
"
1458,0,4,1," E
"
1459,2,2,1," C
"
1460,2,0,1," A
"
1461,2,2,1," C
"
1462,3,2,1," C
"
1463,5,5,1," F
"
1464,5,5,1," F
"
1465,4,5,1," F
"
1466,4,5,1," F
"
1467,5,5,1," F
"
1468,5,2,1," C
"
1469,5,5,1," F
"
1470,5,5,1," F
"
1471,0,0,1," A
"
1472,5,5,1," F
"
1473,5,5,1," F
"
1474,5,2,1," C
"
1475,5,5,1," F
"
1476,4,5,1," F
"
1477,2,5,1," F
"
1478,1,1,1," B
"
1479,5,5,1," F
"
1480,5,5,1," F
"
1481,5,5,1," F
"
1482,5,0,1," A
"
1483,5,2,1," C
"
1484,5,5,1," F
"
1485,5,5,1," F
"
1486,5,5,1," F
"
1487,1,4,1," E
"
1488,5,5,1," F
"
1489,2,5,1," F
"
1490,5,5,1," F
"
1491,5,5,1," F
"
1492,2,5,1," F
"
1493,5,5,1," F
"
1494,5,5,1," F
"
1495,1,2,1," C
"
1496,5,5,1," F
"
1497,4,5,1," F
"
1498,0,1,1," B
"
1499,5,5,1," F
"
1500,5,5,1," F
"
1501,5,5,1," F
"
1502,5,4,1," E
"
1503,5,2,1," C
"
1504,5,5,1," F
"
1505,5,5,1," F
"
1506,5,5,1," F
"
1507,1,4,1," E
"
1508,5,5,1," F
"
1509,5,5,1," F
"
1510,5,5,1," F
"
1511,5,5,1," F
"
1512,5,5,1," F
"
1513,5,5,1," F
"
1514,5,5,1," F
"
1515,5,5,1," F
"
1516,4,2,1," C
"
1517,5,5,1," F
"
1518,5,5,1," F
"
1519,5,5,1," F
"
1520,2,5,1," F
"
1521,5,5,1," F
"
1522,5,5,1," F
"
1523,4,5,1," F
"
1524,5,5,1," F
"
1525,5,5,1," F
"
1526,5,5,1," F
"
1527,2,4,1," E
"
1528,5,5,1," F
"
1529,5,0,1," A
"
1530,5,5,1," F
"
1531,4,0,1," A
"
1532,6,2,1," C
"
1533,5,5,1," F
"
1534,5,5,1," F
"
1535,2,5,1," F
"
1536,5,4,1," E
"
1537,4,5,1," F
"
1538,5,5,1," F
"
1539,6,5,1," F
"
1540,5,5,1," F
"
1541,5,5,1," F
"
1542,5,5,1," F
"
1543,5,5,1," F
"
1544,4,4,1," E
"
1545,5,2,1," C
"
1546,5,5,1," F
"
1547,4,2,1," C
"
1548,5,5,1," F
"
1549,5,5,1," F
"
1550,5,2,1," C
"
1551,5,5,1," F
"
1552,1,2,1," C
"
1553,5,2,1," C
"
1554,5,5,1," F
"
1555,5,5,1," F
"
1556,5,4,1," E
"
1557,5,5,1," F
"
1558,2,2,1," C
"
1559,5,5,1," F
"
1560,0,4,1," E
"
1561,1,4,1," E
"
1562,5,2,1," C
"
1563,4,1,1," B
"
1564,5,2,1," C
"
1565,5,5,1," F
"
1566,5,5,1," F
"
1567,5,5,1," F
"
1568,5,2,1," C
"
1569,5,5,1," F
"
1570,5,5,1," F
"
1571,5,5,1," F
"
1572,5,5,1," F
"
1573,5,5,1," F
"
1574,4,4,1," E
"
1575,5,4,1," E
"
1576,5,5,1," F
"
1577,5,2,1," C
"
1578,2,2,1," C
"
1579,4,5,1," F
"
1580,5,5,1," F
"
1581,2,2,1," C
"
1582,5,5,1," F
"
1583,5,5,1," F
"
1584,4,4,1," E
"
1585,4,5,1," F
"
1586,5,2,1," C
"
1587,4,5,1," F
"
1588,2,5,1," F
"
1589,4,4,1," E
"
1590,5,5,1," F
"
1591,5,5,1," F
"
1592,5,5,1," F
"
1593,4,4,1," E
"
1594,5,5,1," F
"
1595,5,2,1," C
"
1596,5,5,1," F
"
1597,4,5,1," F
"
1598,1,4,1," E
"
1599,2,5,1," F
"
1600,5,4,1," E
"
1601,5,2,1," C
"
1602,5,5,1," F
"
1603,5,5,1," F
"
1604,5,5,1," F
"
1605,5,5,1," F
"
1606,5,4,1," E
"
1607,1,0,1," A
"
1608,5,5,1," F
"
1609,2,5,1," F
"
1610,2,0,1," A
"
1611,5,5,1," F
"
1612,5,5,1," F
"
1613,5,5,1," F
"
1614,5,5,1," F
"
1615,4,2,1," C
"
1616,5,5,1," F
"
1617,5,4,1," E
"
1618,5,5,1," F
"
1619,5,5,1," F
"
1620,5,5,1," F
"
1621,5,5,1," F
"
1622,5,5,1," F
"
1623,5,5,1," F
"
1624,1,0,1," A
"
1625,5,4,1," E
"
1626,4,5,1," F
"
1627,5,5,1," F
"
1628,5,5,1," F
"
1629,2,2,1," C
"
1630,0,2,1," C
"
1631,5,5,1," F
"
1632,5,5,1," F
"
1633,5,2,1," C
"
1634,5,5,1," F
"
1635,5,4,1," E
"
1636,6,2,1," C
"
1637,4,5,1," F
"
1638,1,2,1," C
"
1639,5,5,1," F
"
1640,5,5,1," F
"
1641,2,4,1," E
"
1642,5,5,1," F
"
1643,5,5,1," F
"
1644,5,5,1," F
"
1645,0,4,1," E
"
1646,5,5,1," F
"
1647,5,5,1," F
"
1648,4,2,1," C
"
1649,5,5,1," F
"
1650,5,5,1," F
"
1651,4,4,1," E
"
1652,5,4,1," E
"
1653,5,5,1," F
"
1654,5,5,1," F
"
1655,5,4,1," E
"
1656,5,5,1," F
"
1657,5,4,1," E
"
1658,5,5,1," F
"
1659,5,5,1," F
"
1660,5,5,1," F
"
1661,5,4,1," E
"
1662,4,4,1," E
"
1663,4,0,1," A
"
1664,5,5,1," F
"
1665,5,5,1," F
"
1666,2,2,1," C
"
1667,5,2,1," C
"
1668,5,4,1," E
"
1669,2,5,1," F
"
1670,5,5,1," F
"
1671,4,5,1," F
"
1672,5,5,1," F
"
1673,5,2,1," C
"
1674,5,5,1," F
"
1675,4,4,1," E
"
1676,5,5,1," F
"
1677,5,5,1," F
"
1678,5,5,1," F
"
1679,1,0,1," A
"
1680,5,5,1," F
"
1681,5,5,1," F
"
1682,5,2,1," C
"
1683,4,5,1," F
"
1684,5,5,1," F
"
1685,4,2,1," C
"
1686,5,5,1," F
"
1687,2,5,1," F
"
1688,5,2,1," C
"
1689,5,5,1," F
"
1690,5,5,1," F
"
1691,5,5,1," F
"
1692,5,2,1," C
"
1693,5,5,1," F
"
1694,5,5,1," F
"
1695,5,2,1," C
"
1696,5,5,1," F
"
1697,5,2,1," C
"
1698,1,2,1," C
"
1699,4,5,1," F
"
1700,5,5,1," F
"
1701,5,5,1," F
"
1702,5,2,1," C
"
1703,5,5,1," F
"
1704,5,5,1," F
"
1705,5,5,1," F
"
1706,5,2,1," C
"
1707,5,4,1," E
"
1708,5,5,1," F
"
1709,5,5,1," F
"
1710,0,4,1," E
"
1711,2,5,1," F
"
1712,5,5,1," F
"
1713,0,0,1," A
"
1714,5,2,1," C
"
1715,5,5,1," F
"
1716,4,4,1," E
"
1717,4,5,1," F
"
1718,6,1,1," B
"
1719,5,5,1," F
"
1720,5,5,1," F
"
1721,5,5,1," F
"
1722,5,5,1," F
"
1723,5,5,1," F
"
1724,5,5,1," F
"
1725,1,0,1," A
"
1726,0,2,1," C
"
1727,4,4,1," E
"
1728,5,4,1," E
"
1729,5,2,1," C
"
1730,1,5,1," F
"
1731,5,5,1," F
"
1732,5,5,1," F
"
1733,5,4,1," E
"
1734,5,4,1," E
"
1735,5,5,1," F
"
1736,1,1,1," B
"
1737,5,5,1," F
"
1738,5,5,1," F
"
1739,5,5,1," F
"
1740,4,5,1," F
"
1741,5,5,1," F
"
1742,5,2,1," C
"
1743,6,4,1," E
"
1744,5,4,1," E
"
1745,2,2,1," C
"
1746,6,5,1," F
"
1747,4,5,1," F
"
1748,5,5,1," F
"
1749,5,5,1," F
"
1750,5,5,1," F
"
1751,5,5,1," F
"
1752,5,5,1," F
"
1753,4,0,1," A
"
1754,5,2,1," C
"
1755,0,1,1," B
"
1756,5,5,1," F
"
1757,5,2,1," C
"
1758,2,5,1," F
"
1759,5,5,1," F
"
1760,0,4,1," E
"
1761,2,2,1," C
"
1762,5,5,1," F
"
1763,5,5,1," F
"
1764,5,5,1," F
"
1765,5,5,1," F
"
1766,5,5,1," F
"
1767,5,5,1," F
"
1768,5,5,1," F
"
1769,5,5,1," F
"
1770,5,2,1," C
"
1771,4,4,1," E
"
1772,4,5,1," F
"
1773,2,4,1," E
"
1774,5,2,1," C
"
1775,5,5,1," F
"
1776,5,5,1," F
"
1777,5,4,1," E
"
1778,5,2,1," C
"
1779,2,5,1," F
"
1780,2,5,1," F
"
1781,5,5,1," F
"
1782,2,5,1," F
"
1783,5,5,1," F
"
1784,6,2,1," C
"
1785,5,5,1," F
"
1786,5,5,1," F
"
1787,5,2,1," C
"
1788,5,5,1," F
"
1789,4,5,1," F
"
1790,2,4,1," E
"
1791,0,2,1," C
"
1792,5,2,1," C
"
1793,5,5,1," F
"
1794,5,5,1," F
"
1795,5,5,1," F
"
1796,5,2,1," C
"
1797,2,2,1," C
"
1798,5,5,1," F
"
1799,5,5,1," F
"
1800,4,5,1," F
"
1801,4,5,1," F
"
1802,5,5,1," F
"
1803,5,5,1," F
"
1804,5,2,1," C
"
1805,5,5,1," F
"
1806,5,5,1," F
"
1807,5,5,1," F
"
1808,2,5,1," F
"
1809,5,5,1," F
"
1810,5,5,1," F
"
1811,5,5,1," F
"
1812,5,5,1," F
"
1813,4,5,1," F
"
1814,5,5,1," F
"
1815,4,4,1," E
"
1816,5,5,1," F
"
1817,5,5,1," F
"
1818,5,5,1," F
"
1819,2,5,1," F
"
1820,5,5,1," F
"
1821,2,2,1," C
"
1822,4,4,1," E
"
1823,2,2,1," C
"
1824,5,5,1," F
"
1825,0,0,1," A
"
1826,5,5,1," F
"
1827,5,5,1," F
"
1828,4,5,1," F
"
1829,2,0,1," A
"
1830,5,0,1," A
"
1831,5,4,1," E
"
1832,5,5,1," F
"
1833,5,1,1," B
"
1834,5,2,1," C
"
1835,5,5,1," F
"
1836,5,5,1," F
"
1837,5,5,1," F
"
1838,5,5,1," F
"
1839,5,5,1," F
"
1840,5,5,1," F
"
1841,4,4,1," E
"
1842,2,4,1," E
"
1843,5,5,1," F
"
1844,2,5,1," F
"
1845,5,5,1," F
"
1846,5,5,1," F
"
1847,5,2,1," C
"
1848,5,4,1," E
"
1849,2,2,1," C
"
1850,4,4,1," E
"
1851,0,2,1," C
"
1852,5,5,1," F
"
1853,5,5,1," F
"
1854,2,2,1," C
"
1855,3,2,1," C
"
1856,4,5,1," F
"
1857,5,5,1," F
"
1858,5,5,1," F
"
1859,2,5,1," F
"
1860,5,5,1," F
"
1861,5,5,1," F
"
1862,2,0,1," A
"
1863,1,1,1," B
"
1864,4,2,1," C
"
1865,5,5,1," F
"
1866,5,5,1," F
"
1867,2,2,1," C
"
1868,1,5,1," F
"
1869,5,5,1," F
"
1870,4,5,1," F
"
1871,2,2,1," C
"
1872,1,4,1," E
"
1873,5,5,1," F
"
1874,5,5,1," F
"
1875,2,5,1," F
"
1876,5,5,1," F
"
1877,5,5,1," F
"
1878,4,2,1," C
"
1879,5,5,1," F
"
1880,5,4,1," E
"
1881,2,2,1," C
"
1882,1,5,1," F
"
1883,5,5,1," F
"
1884,1,0,1," A
"
1885,4,2,1," C
"
1886,5,5,1," F
"
1887,0,2,1," C
"
1888,5,5,1," F
"
1889,5,2,1," C
"
1890,2,5,1," F
"
1891,5,5,1," F
"
1892,5,5,1," F
"
1893,5,5,1," F
"
1894,5,4,1," E
"
1895,5,4,1," E
"
1896,5,2,1," C
"
1897,5,4,1," E
"
1898,4,5,1," F
"
1899,5,5,1," F
"
1900,2,2,1," C
"
1901,4,4,1," E
"
1902,5,5,1," F
"
1903,5,5,1," F
"
1904,5,2,1," C
"
1905,0,2,1," C
"
1906,4,5,1," F
"
1907,5,5,1," F
"
1908,2,2,1," C
"
1909,5,5,1," F
"
1910,5,5,1," F
"
1911,2,4,1," E
"
1912,5,5,1," F
"
1913,5,5,1," F
"
1914,2,2,1," C
"
1915,5,5,1," F
"
1916,0,2,1," C
"
1917,2,5,1," F
"
1918,5,5,1," F
"
1919,5,5,1," F
"
1920,5,5,1," F
"
1921,5,5,1," F
"
1922,5,5,1," F
"
1923,1,2,1," C
"
1924,5,5,1," F
"
1925,5,5,1," F
"
1926,5,0,1," A
"
1927,5,5,1," F
"
1928,5,2,1," C
"
1929,2,2,1," C
"
1930,5,5,1," F
"
1931,5,5,1," F
"
1932,2,5,1," F
"
1933,5,5,1," F
"
1934,1,4,1," E
"
1935,4,5,1," F
"
1936,5,5,1," F
"
1937,5,5,1," F
"
1938,5,5,1," F
"
1939,5,5,1," F
"
1940,1,1,1," B
"
1941,5,5,1," F
"
1942,5,4,1," E
"
1943,2,5,1," F
"
1944,4,5,1," F
"
1945,5,5,1," F
"
1946,5,2,1," C
"
1947,5,5,1," F
"
1948,5,5,1," F
"
1949,5,5,1," F
"
1950,4,2,1," C
"
1951,5,5,1," F
"
1952,5,5,1," F
"
1953,5,5,1," F
"
1954,5,5,1," F
"
1955,5,5,1," F
"
1956,4,5,1," F
"
1957,5,5,1," F
"
1958,5,5,1," F
"
1959,4,1,1," B
"
1960,5,2,1," C
"
1961,5,5,1," F
"
1962,6,1,1," B
"
1963,1,0,1," A
"
1964,5,2,1," C
"
1965,5,5,1," F
"
1966,4,5,1," F
"
1967,5,5,1," F
"
1968,1,0,1," A
"
1969,5,5,1," F
"
1970,0,2,1," C
"
1971,5,5,1," F
"
1972,5,5,1," F
"
1973,5,2,1," C
"
1974,5,5,1," F
"
1975,5,5,1," F
"
1976,5,5,1," F
"
1977,5,4,1," E
"
1978,4,0,1," A
"
1979,5,5,1," F
"
1980,5,5,1," F
"
1981,5,5,1," F
"
1982,4,2,1," C
"
1983,4,5,1," F
"
1984,6,2,1," C
"
1985,5,5,1," F
"
1986,5,5,1," F
"
1987,4,4,1," E
"
1988,4,5,1," F
"
1989,4,4,1," E
"
1990,2,0,1," A
"
1991,5,5,1," F
"
1992,1,0,1," A
"
1993,5,5,1," F
"
1994,5,5,1," F
"
1995,4,4,1," E
"
1996,5,5,1," F
"
1997,5,5,1," F
"
1998,5,5,1," F
"
1999,5,5,1," F
"
2000,2,5,1," F
"
2001,5,4,1," E
"
2002,5,5,1," F
"
2003,5,5,1," F
"
2004,5,5,1," F
"
